bina;kose kotlari (tabii zemin);±0.00 kotu (kose ort., PAIY md.21/5);zemin kat doseme ust kotu (+0.50);platform/bahce kotu;platform alani m2;kazi m3;dolgu m3;platform kenarinda en buyuk kot farki m
P115-B01;112.18 / 111.56 / 113.38 / 113.80;112.73;113.23;112.73;91;29;28;0.69
P115-B02;112.26 / 110.91 / 111.82 / 113.38;112.09;112.59;112.09;86;11;61;1.39
P115-B03;110.91 / 110.04 / 110.26 / 111.82;110.76;111.26;110.76;85;6;33;1.34
P115-B04;109.93 / 109.35 / 109.74 / 110.26;109.82;110.32;109.82;103;3;32;0.94
P115-B05;106.37 / 106.28 / 107.61 / 108.02;107.07;107.57;107.07;144;35;64;2.60
P115-B06;107.05 / 108.96 / 109.69 / 107.61;108.33;108.83;108.33;40;13;11;1.38
P115-B07;108.96 / 109.60 / 110.46 / 109.69;109.68;110.18;109.68;86;10;57;2.66
P115-B08;108.90 / 108.77 / 110.36 / 110.46;109.62;110.12;109.62;96;14;48;0.07
P115-B09;106.22 / 105.64 / 106.20 / 107.19;106.32;106.82;106.32;95;21;14;1.01
P115-B10;105.91 / 104.61 / 104.70 / 106.20;105.36;105.86;105.36;86;10;33;1.97
P115-B11;104.61 / 101.57 / 102.89 / 104.70;103.44;103.94;103.44;85;17;56;1.91
P115-B12;101.07 / 100.84 / 102.91 / 102.89;101.93;102.43;101.93;112;18;104;1.52
P116-B13;109.94 / 109.67 / 109.75 / 109.88;109.81;110.31;109.81;141;13;17;3.03
P116-B14;109.64 / 109.23 / 109.29 / 109.75;109.48;109.98;109.48;40;5;1;1.15
P116-B15;109.23 / 107.28 / 107.49 / 109.29;108.32;108.82;108.32;40;11;8;1.54
P116-B16;107.31 / 106.04 / 106.28 / 107.49;106.78;107.28;106.78;142;87;47;3.03
P116-B17;105.38 / 104.22 / 104.75 / 105.12;104.87;105.37;104.87;140;32;55;1.91
P116-B18;104.32 / 105.07 / 106.42 / 104.75;105.14;105.64;105.14;40;7;13;1.56
P116-B19;105.07 / 106.25 / 107.40 / 106.42;106.29;106.79;106.29;40;10;5;1.18
P116-B20;105.84 / 106.02 / 107.63 / 107.40;106.73;107.23;106.73;141;16;96;1.89
P116-B21;106.42 / 106.36 / 107.14 / 107.35;106.82;107.32;106.82;142;13;53;0.73
P116-B22;106.75 / 106.22 / 106.66 / 107.14;106.69;107.19;106.69;40;4;2;0.58
P116-B23;106.22 / 105.48 / 106.10 / 106.66;106.11;106.61;106.11;90;5;34;1.25
P116-B24;104.94 / 103.26 / 105.36 / 106.10;104.92;105.42;104.92;99;14;88;1.20
P117-B25;109.58 / 109.57 / 109.14 / 109.14;109.36;109.86;109.36;121;7;17;0.60
P117-B26;108.38 / 109.14 / 108.99 / 108.52;108.76;109.26;108.76;85;8;6;0.79
P117-B27;107.14 / 108.38 / 108.52 / 107.83;107.97;108.47;107.97;89;17;6;1.23
P117-B28;107.14 / 107.72 / 106.45 / 105.66;106.74;107.24;106.74;117;29;29;1.23
P117-B29;103.63 / 101.92 / 103.83 / 105.63;103.75;104.25;103.75;133;15;199;0.48
P117-B30;105.70 / 105.63 / 102.29 / 103.12;104.19;104.69;104.19;92;25;160;0.83
P117-B31;105.45 / 105.70 / 103.12 / 103.85;104.53;105.03;104.53;40;17;7;0.54
P117-B32;105.45 / 104.57 / 104.57 / 105.45;105.01;105.51;105.01;169;5;253;0.85
