bina;parsel;kose;Y_saga (TM27);X_yukari (TM27);model_x;model_y;arazi_kotu
P115-B01;115;1;566411.02;4178572.22;24.92;77.46;112.18
P115-B01;115;2;566416.22;4178572.52;30.12;77.76;111.56
P115-B01;115;3;566415.76;4178580.20;29.66;85.44;113.38
P115-B01;115;4;566410.57;4178579.89;24.47;85.13;113.80
P115-B02;115;1;566416.06;4178575.21;29.96;80.45;112.26
P115-B02;115;2;566424.04;4178575.68;37.94;80.92;110.91
P115-B02;115;3;566423.75;4178580.68;37.65;85.92;111.82
P115-B02;115;4;566415.76;4178580.20;29.66;85.44;113.38
P115-B03;115;1;566424.04;4178575.68;37.94;80.92;110.91
P115-B03;115;2;566432.03;4178576.16;45.93;81.40;110.04
P115-B03;115;3;566431.73;4178581.15;45.63;86.39;110.26
P115-B03;115;4;566423.75;4178580.68;37.65;85.92;111.82
P115-B04;115;1;566432.19;4178573.47;46.09;78.71;109.93
P115-B04;115;2;566437.38;4178573.78;51.28;79.02;109.35
P115-B04;115;3;566436.92;4178581.46;50.82;86.70;109.74
P115-B04;115;4;566431.73;4178581.15;45.63;86.39;110.26
P115-B05;115;1;566456.53;4178574.92;70.43;80.16;106.37
P115-B05;115;2;566461.72;4178575.23;75.62;80.47;106.28
P115-B05;115;3;566461.26;4178582.90;75.16;88.14;107.61
P115-B05;115;4;566456.07;4178582.59;69.97;87.83;108.02
P115-B06;115;1;566461.58;4178577.90;75.48;83.14;107.05
P115-B06;115;2;566469.57;4178578.37;83.47;83.61;108.96
P115-B06;115;3;566469.27;4178583.36;83.17;88.60;109.69
P115-B06;115;4;566461.28;4178582.89;75.18;88.13;107.61
P115-B07;115;1;566469.55;4178578.39;83.45;83.63;108.96
P115-B07;115;2;566477.53;4178578.86;91.43;84.10;109.60
P115-B07;115;3;566477.23;4178583.85;91.13;89.09;110.46
P115-B07;115;4;566469.25;4178583.38;83.15;88.62;109.69
P115-B08;115;1;566477.69;4178576.18;91.59;81.42;108.90
P115-B08;115;2;566482.88;4178576.49;96.78;81.73;108.77
P115-B08;115;3;566482.43;4178584.16;96.33;89.40;110.36
P115-B08;115;4;566477.23;4178583.85;91.13;89.09;110.46
P115-B09;115;1;566513.59;4178578.31;127.49;83.55;106.22
P115-B09;115;2;566518.79;4178578.62;132.69;83.86;105.64
P115-B09;115;3;566518.33;4178586.30;132.23;91.54;106.20
P115-B09;115;4;566513.14;4178585.99;127.04;91.23;107.19
P115-B10;115;1;566518.63;4178581.31;132.53;86.55;105.91
P115-B10;115;2;566526.61;4178581.78;140.51;87.02;104.61
P115-B10;115;3;566526.32;4178586.78;140.22;92.02;104.70
P115-B10;115;4;566518.33;4178586.30;132.23;91.54;106.20
P115-B11;115;1;566526.61;4178581.78;140.51;87.02;104.61
P115-B11;115;2;566534.60;4178582.26;148.50;87.50;101.57
P115-B11;115;3;566534.30;4178587.25;148.20;92.49;102.89
P115-B11;115;4;566526.32;4178586.78;140.22;92.02;104.70
P115-B12;115;1;566534.76;4178579.57;148.66;84.81;101.07
P115-B12;115;2;566539.95;4178579.88;153.85;85.12;100.84
P115-B12;115;3;566539.49;4178587.56;153.39;92.80;102.91
P115-B12;115;4;566534.30;4178587.25;148.20;92.49;102.89
P116-B13;116;1;566423.71;4178558.92;37.61;64.16;109.94
P116-B13;116;2;566428.74;4178559.22;42.64;64.46;109.67
P116-B13;116;3;566428.26;4178567.15;42.16;72.39;109.75
P116-B13;116;4;566423.23;4178566.84;37.13;72.08;109.88
P116-B14;116;1;566428.56;4178562.16;42.46;67.40;109.64
P116-B14;116;2;566436.54;4178562.64;50.44;67.88;109.23
P116-B14;116;3;566436.24;4178567.63;50.14;72.87;109.29
P116-B14;116;4;566428.26;4178567.15;42.16;72.39;109.75
P116-B15;116;1;566436.54;4178562.64;50.44;67.88;109.23
P116-B15;116;2;566444.53;4178563.12;58.43;68.36;107.28
P116-B15;116;3;566444.23;4178568.11;58.13;73.35;107.49
P116-B15;116;4;566436.24;4178567.63;50.14;72.87;109.29
P116-B16;116;1;566444.71;4178560.19;58.61;65.43;107.31
P116-B16;116;2;566449.74;4178560.49;63.64;65.73;106.04
P116-B16;116;3;566449.26;4178568.42;63.16;73.66;106.28
P116-B16;116;4;566444.23;4178568.11;58.13;73.35;107.49
P116-B17;116;1;566457.14;4178560.97;71.04;66.21;105.38
P116-B17;116;2;566462.17;4178561.27;76.07;66.51;104.22
P116-B17;116;3;566461.69;4178569.20;75.59;74.44;104.75
P116-B17;116;4;566456.66;4178568.89;70.56;74.13;105.12
P116-B18;116;1;566461.99;4178564.21;75.89;69.45;104.32
P116-B18;116;2;566469.98;4178564.69;83.88;69.93;105.07
P116-B18;116;3;566469.67;4178569.68;83.57;74.92;106.42
P116-B18;116;4;566461.69;4178569.20;75.59;74.44;104.75
P116-B19;116;1;566469.98;4178564.69;83.88;69.93;105.07
P116-B19;116;2;566477.96;4178565.17;91.86;70.41;106.25
P116-B19;116;3;566477.66;4178570.16;91.56;75.40;107.40
P116-B19;116;4;566469.67;4178569.68;83.57;74.92;106.42
P116-B20;116;1;566478.14;4178562.24;92.04;67.48;105.84
P116-B20;116;2;566483.17;4178562.54;97.07;67.78;106.02
P116-B20;116;3;566482.69;4178570.47;96.59;75.71;107.63
P116-B20;116;4;566477.66;4178570.16;91.56;75.40;107.40
P116-B21;116;1;566490.76;4178562.97;104.66;68.21;106.42
P116-B21;116;2;566495.79;4178563.27;109.69;68.51;106.36
P116-B21;116;3;566495.31;4178571.20;109.21;76.44;107.14
P116-B21;116;4;566490.28;4178570.89;104.18;76.13;107.35
P116-B22;116;1;566495.61;4178566.21;109.51;71.45;106.75
P116-B22;116;2;566503.59;4178566.69;117.49;71.93;106.22
P116-B22;116;3;566503.29;4178571.68;117.19;76.92;106.66
P116-B22;116;4;566495.31;4178571.20;109.21;76.44;107.14
P116-B23;116;1;566503.59;4178566.69;117.49;71.93;106.22
P116-B23;116;2;566511.58;4178567.17;125.48;72.41;105.48
P116-B23;116;3;566511.28;4178572.16;125.18;77.40;106.10
P116-B23;116;4;566503.29;4178571.68;117.19;76.92;106.66
P116-B24;116;1;566511.76;4178564.24;125.66;69.48;104.94
P116-B24;116;2;566516.79;4178564.54;130.69;69.78;103.26
P116-B24;116;3;566516.31;4178572.47;130.21;77.71;105.36
P116-B24;116;4;566511.28;4178572.16;125.18;77.40;106.10
P117-B25;117;1;566432.17;4178553.41;46.07;58.65;109.58
P117-B25;117;2;566432.47;4178548.42;46.37;53.66;109.57
P117-B25;117;3;566440.46;4178548.90;54.36;54.14;109.14
P117-B25;117;4;566440.15;4178553.89;54.05;59.13;109.14
P117-B26;117;1;566445.14;4178554.20;59.04;59.44;108.38
P117-B26;117;2;566440.15;4178553.89;54.05;59.13;109.14
P117-B26;117;3;566440.64;4178545.91;54.54;51.15;108.99
P117-B26;117;4;566445.63;4178546.21;59.53;51.45;108.52
P117-B27;117;1;566450.14;4178554.50;64.04;59.74;107.14
P117-B27;117;2;566445.14;4178554.20;59.04;59.44;108.38
P117-B27;117;3;566445.63;4178546.21;59.53;51.45;108.52
P117-B27;117;4;566450.62;4178546.52;64.52;51.76;107.83
P117-B28;117;1;566450.14;4178554.50;64.04;59.74;107.14
P117-B28;117;2;566450.44;4178549.51;64.34;54.75;107.72
P117-B28;117;3;566458.43;4178550.00;72.33;55.24;106.45
P117-B28;117;4;566458.12;4178554.99;72.02;60.23;105.66
P117-B29;117;1;566474.21;4178555.96;88.11;61.20;103.63
P117-B29;117;2;566474.51;4178550.97;88.41;56.21;101.92
P117-B29;117;3;566482.50;4178551.46;96.40;56.70;103.83
P117-B29;117;4;566482.19;4178556.45;96.09;61.69;105.63
P117-B30;117;1;566487.18;4178556.76;101.08;62.00;105.70
P117-B30;117;2;566482.19;4178556.45;96.09;61.69;105.63
P117-B30;117;3;566482.68;4178548.47;96.58;53.71;102.29
P117-B30;117;4;566487.67;4178548.77;101.57;54.01;103.12
P117-B31;117;1;566492.17;4178557.06;106.07;62.30;105.45
P117-B31;117;2;566487.18;4178556.76;101.08;62.00;105.70
P117-B31;117;3;566487.67;4178548.77;101.57;54.01;103.12
P117-B31;117;4;566492.66;4178549.07;106.56;54.31;103.85
P117-B32;117;1;566492.17;4178557.06;106.07;62.30;105.45
P117-B32;117;2;566492.48;4178552.07;106.38;57.31;104.57
P117-B32;117;3;566500.46;4178552.56;114.36;57.80;104.57
P117-B32;117;4;566500.16;4178557.55;114.06;62.79;105.45
