bolum;yapi;cephe_yolu;cephe_uzunlugu_m;yola_mesafe_m;platform_kotu;yol_kotu;kot_farki_m;giris_egimi_%;engelsiz_yaya_baglantisi;durum
P115-B01;P115-YAPI1;YOL1;5.2;1.0;111.11;111.42;0.31;31;evet;MERDIVEN/RAMPA
P115-B02;P115-YAPI1;YOL1;8.0;3.7;111.11;111.08;-0.03;-1;evet;SEVIYEDE
P115-B03;P115-YAPI1;YOL1;8.0;3.7;111.11;110.12;-0.99;-27;evet;MERDIVEN/RAMPA
P115-B04;P115-YAPI1;YOL1;5.2;1.0;111.11;109.74;-1.37;-137;evet;MERDIVEN/RAMPA
P115-B05;P115-YAPI2;YOL1;5.2;1.0;108.17;107.31;-0.86;-86;evet;MERDIVEN/RAMPA
P115-B06;P115-YAPI2;YOL1;8.0;3.7;108.17;106.88;-1.28;-35;evet;MERDIVEN/RAMPA
P115-B07;P115-YAPI2;YOL1;8.0;3.7;108.17;106.88;-1.28;-35;evet;MERDIVEN/RAMPA
P115-B08;P115-YAPI2;YOL1;5.2;1.0;108.17;106.88;-1.28;-129;evet;MERDIVEN/RAMPA
P115-B09;P115-YAPI3;YOL1;5.2;1.0;103.92;105.09;1.17;117;evet;MERDIVEN/RAMPA
P115-B10;P115-YAPI3;YOL1;8.0;3.7;103.92;104.30;0.38;10;evet;MERDIVEN/RAMPA
P115-B11;P115-YAPI3;YOL1;8.0;3.7;103.92;103.92;0.00;0;evet;SEVIYEDE
P115-B12;P115-YAPI3;YOL1;5.2;1.0;103.92;103.92;0.00;0;evet;SEVIYEDE
P116-B13;P116-YAPI4;YOL2;5.0;1.0;108.37;109.92;1.55;155;evet;YETERSIZ
P116-B14;P116-YAPI4;YOL1;8.0;1.1;108.37;109.74;1.37;127;evet;MERDIVEN/RAMPA
P116-B15;P116-YAPI4;YOL1;8.0;1.1;108.37;109.62;1.26;117;evet;MERDIVEN/RAMPA
P116-B16;P116-YAPI4;YOL2;5.0;1.0;108.37;108.24;-0.12;-12;evet;SEVIYEDE
P116-B17;P116-YAPI5;YOL1;5.0;1.0;105.60;107.34;1.75;171;evet;YETERSIZ
P116-B18;P116-YAPI5;YOL1;8.0;1.0;105.60;106.88;1.28;126;evet;MERDIVEN/RAMPA
P116-B19;P116-YAPI5;YOL1;8.0;1.0;105.60;106.88;1.28;127;evet;MERDIVEN/RAMPA
P116-B20;P116-YAPI5;YOL1;5.0;1.0;105.60;106.88;1.28;128;evet;MERDIVEN/RAMPA
P116-B21;P116-YAPI6;YOL2;5.0;1.0;105.74;104.74;-1.00;-100;evet;MERDIVEN/RAMPA
P116-B22;P116-YAPI6;YOL1;8.0;1.0;105.74;106.03;0.29;28;evet;MERDIVEN/RAMPA
P116-B23;P116-YAPI6;YOL1;8.0;1.0;105.74;105.74;0.00;0;evet;SEVIYEDE
P116-B24;P116-YAPI6;YOL2;5.0;1.0;105.74;105.74;0.00;0;evet;SEVIYEDE
P117-B25;P117-YAPI7;YOL2;8.0;1.0;108.12;108.76;0.65;64;evet;MERDIVEN/RAMPA
P117-B26;P117-YAPI7;YOL2;5.0;1.0;108.12;108.24;0.12;12;evet;SEVIYEDE
P117-B27;P117-YAPI7;YOL2;5.0;1.0;108.12;108.24;0.12;12;evet;SEVIYEDE
P117-B28;P117-YAPI7;YOL2;8.0;1.0;108.12;108.12;0.00;0;evet;SEVIYEDE
P117-B29;P117-YAPI8;YOL2;8.0;1.0;103.76;105.31;1.54;155;evet;YETERSIZ
P117-B30;P117-YAPI8;YOL2;5.0;1.0;103.76;104.68;0.92;93;evet;MERDIVEN/RAMPA
P117-B31;P117-YAPI8;YOL2;5.0;1.0;103.76;104.31;0.55;56;evet;MERDIVEN/RAMPA
P117-B32;P117-YAPI8;YOL2;8.0;1.0;103.76;104.75;0.99;101;evet;MERDIVEN/RAMPA
