Nokta;Piksel_x;Piksel_y;Saga(E);Yukari(N);vE(m);vN(m)
G0_700;770.03;3005.92;511000.00;4252700.00;0.239;0.060
G0_800;769.24;2558.64;511000.00;4252800.00;-0.029;-0.203
G0_900;767.83;2112.74;511000.00;4252900.00;-0.159;-0.158
G0_1000;765.57;1668.21;511000.00;4253000.00;-0.094;0.194
G0_1100;763.52;1221.40;511000.00;4253100.00;-0.079;0.035
G0_1200;760.36;775.20;511000.00;4253200.00;0.184;0.013
G100_700;1215.43;3005.86;511100.00;4252700.00;0.244;0.106
G100_800;1215.86;2559.27;511100.00;4252800.00;-0.299;-0.003
G100_900;1214.48;2112.50;511100.00;4252900.00;-0.434;-0.152
G100_1000;1210.98;1667.87;511100.00;4253000.00;-0.091;0.179
G100_1100;1210.01;1221.48;511100.00;4253100.00;-0.320;0.113
G100_1200;1206.96;774.59;511100.00;4253200.00;-0.081;-0.062
G200_800;1658.11;2558.70;511200.00;4252800.00;0.413;-0.070
G200_900;1656.64;2112.16;511200.00;4252900.00;0.298;-0.168
G200_1000;1654.55;1667.55;511200.00;4253000.00;0.323;0.166
G200_1100;1653.37;1220.72;511200.00;4253100.00;0.143;0.004
G200_1200;1651.35;774.24;511200.00;4253200.00;0.150;-0.082
G300_800;2105.44;2558.60;511300.00;4252800.00;-0.016;-0.031
G300_1200;2097.27;774.46;511300.00;4253200.00;0.039;0.029
G400_800;2552.87;2559.32;511400.00;4252800.00;-0.466;0.190
G400_1100;2544.70;1219.46;511400.00;4253100.00;0.033;-0.158

Afin parametreleri (piksel merkezi, x sag / y asagi):
E = 0.224506568*x + -0.000997262*y + 510829.8820
N = -0.000135177*x + -0.224162986*y + 4253373.8601
Nokta sayisi;21
Birim agirlik ort. hatasi (m);0.207
Koordinat sistemi;TUREF / ITRF96 TM27 (EPSG:5253)
Cikti GeoTIFF;3591x4594 piksel, 0.20 m, sol-ust E=510825 N=4253374
